{
    "crossref-verifier": {
        "branch": "master",
        "description": "Check cross-references in repository documents",
        "homepage": "",
        "owner": "serokell",
        "repo": "crossref-verifier",
        "rev": "f97ded8356e5afe4d3ebdeaccd4eed504bb99b0f",
        "sha256": "0d4bf30r382659gmhngy6pkm463sa78nkp0846wg1sr6jkclk6fb",
        "type": "tarball",
        "url": "https://github.com/serokell/crossref-verifier/archive/f97ded8356e5afe4d3ebdeaccd4eed504bb99b0f.tar.gz",
        "url_template": "https://github.com/<owner>/<repo>/archive/<rev>.tar.gz"
    },
    "haskell-nix-weeder": {
        "branch": "master",
        "description": "Nix library to run weeder on haskell projects built with haskell.nix",
        "homepage": "",
        "owner": "serokell",
        "repo": "haskell-nix-weeder",
        "rev": "7f11f514b54474c3281b25ac2c09975c918e0492",
        "sha256": "0nww0cx8sjn8gg5k6371f17kdbp72nmdz34hwa9sxwvrmxzagg2x",
        "type": "tarball",
        "url": "https://github.com/serokell/haskell-nix-weeder/archive/7f11f514b54474c3281b25ac2c09975c918e0492.tar.gz",
        "url_template": "https://github.com/<owner>/<repo>/archive/<rev>.tar.gz"
    },
    "haskell.nix": {
        "branch": "master",
        "description": "Alternative Haskell Infrastructure for Nixpkgs",
        "homepage": "https://input-output-hk.github.io/haskell.nix",
        "owner": "input-output-hk",
        "repo": "haskell.nix",
        "rev": "4d38d4d2e6100ef1e137601c556acc48ee938392",
        "sha256": "1jmkzlxl84n454z6dy9q8hazpapnrh3d77zbci5vvzlp0sbfs44a",
        "type": "tarball",
        "url": "https://github.com/input-output-hk/haskell.nix/archive/4d38d4d2e6100ef1e137601c556acc48ee938392.tar.gz",
        "url_template": "https://github.com/<owner>/<repo>/archive/<rev>.tar.gz"
    },
    "niv": {
        "branch": "master",
        "description": "Easy dependency management for Nix projects",
        "homepage": "https://github.com/nmattia/niv",
        "owner": "nmattia",
        "repo": "niv",
        "rev": "d9f62fdcb7f009e916a4377388316e8d4718173f",
        "sha256": "0z55171x705sxlndzkq5ysy7pr1m2s4m5k741kz5mbk1mnp8nrkd",
        "type": "tarball",
        "url": "https://github.com/nmattia/niv/archive/d9f62fdcb7f009e916a4377388316e8d4718173f.tar.gz",
        "url_template": "https://github.com/<owner>/<repo>/archive/<rev>.tar.gz"
    },
    "nixpkgs": {
        "branch": "master",
        "description": "Pinned Nixpkgs tree (master follows nixos-unstable-small, only tags have stable history)",
        "homepage": "",
        "owner": "serokell",
        "repo": "nixpkgs",
        "rev": "45c5124eab8b6272b6d868fefe405d8031c16846",
        "sha256": "0mrx31aswr58jwdfsklhi945yw6iz2rbqiiapydrz8frfclk9yry",
        "type": "tarball",
        "url": "https://github.com/serokell/nixpkgs/archive/45c5124eab8b6272b6d868fefe405d8031c16846.tar.gz",
        "url_template": "https://github.com/<owner>/<repo>/archive/<rev>.tar.gz"
    }
}
